Nx,Ny,Nz,Sx,Sy,Sz,Roll,Pitch,Yaw,SunFluxX,SunFluxY,SunFluxZ,Octant
-0,-0,-0,60.60326088,30.84225624,48,0,0,1.1,15,8,12,000
-0,-0,-0,60.65699844,30.73643668,48,0,0,1.2,15,8,12,000
-0,-0,-0,60.71055123,30.63052348,48,0,0,1.3,15,8,12,000
-0,-0,-0,60.76391909,30.52451698,48,0,0,1.4,15,8,12,000
-0,-0,-0,60.81710184,30.4184175,48,0,0,1.5,15,8,12,000
-0,-0,-0,60.87009934,30.31222536,48,0,0,1.6,15,8,12,000
-0,-0,-0,60.92291142,30.20594088,48,0,0,1.7,15,8,12,000
-0,-0,-0,60.97553791,30.09956439,48,0,0,1.8,15,8,12,000
-0,-0,-0,61.02797866,29.99309621,48,0,0,1.9,15,8,12,000
-0,-0,-0,61.08023352,29.88653666,48,0,0,2,15,8,12,000
-0,-0,-0,61.13230231,29.77988608,48,0,0,2.1,15,8,12,000
-0,-0,-0,61.18418488,29.67314478,48,0,0,2.2,15,8,12,000
-0,-0,-0,61.23588107,29.56631309,48,0,0,2.3,15,8,12,000
-0,-0,-0,61.28739073,29.45939134,48,0,0,2.4,15,8,12,000
-0,-0,-0,61.33871369,29.35237985,48,0,0,2.5,15,8,12,000
-0,-0,-0,61.38984981,29.24527895,48,0,0,2.6,15,8,12,000
-0,-0,-0,61.44079892,29.13808896,48,0,0,2.7,15,8,12,000
-0,-0,-0,61.49156087,29.03081021,48,0,0,2.8,15,8,12,000
-0,-0,-0,61.54213551,28.92344303,48,0,0,2.9,15,8,12,000
-0,-0,-0,61.59252269,28.81598774,48,0,0,3,15,8,12,000
-0,-0,-0,61.64272224,28.70844467,48,0,0,3.1,15,8,12,000
-0,-0,-0,61.69273401,28.60081415,48,0,0,3.2,15,8,12,000
-0,-0,-0,61.74255786,28.49309651,48,0,0,3.3,15,8,12,000
-0,-0,-0,61.79219363,28.38529208,48,0,0,3.4,15,8,12,000
-0,-0,-0,61.84164117,28.27740118,48,0,0,3.5,15,8,12,000
-0,-0,-0,61.89090033,28.16942414,48,0,0,3.6,15,8,12,000
-0,-0,-0,61.93997096,28.06136129,48,0,0,3.7,15,8,12,000
-0,-0,-0,61.98885291,27.95321296,48,0,0,3.8,15,8,12,000
-0,-0,-0,62.03754603,27.84497948,48,0,0,3.9,15,8,12,000
-0,-0,-0,62.08605018,27.73666118,48,0,0,4,15,8,12,000
-0,-0,-0,62.13436519,27.62825839,48,0,0,4.1,15,8,12,000
-0,-0,-0,62.18249094,27.51977144,48,0,0,4.2,15,8,12,000
-0,-0,-0,62.23042727,27.41120066,48,0,0,4.3,15,8,12,000
-0,-0,-0,62.27817403,27.30254638,48,0,0,4.4,15,8,12,000
-0,-0,-0,62.32573109,27.19380894,48,0,0,4.5,15,8,12,000
-0,-0,-0,62.37309829,27.08498865,48,0,0,4.6,15,8,12,000
-0,-0,-0,62.42027549,26.97608586,48,0,0,4.7,15,8,12,000
-0,-0,-0,62.46726254,26.8671009,48,0,0,4.8,15,8,12,000
-0,-0,-0,62.51405931,26.75803409,48,0,0,4.9,15,8,12,000
-0,-0,-0,62.56066565,26.64888577,48,0,0,5,15,8,12,000
-0,-0,-0,62.60708142,26.53965628,48,0,0,5.1,15,8,12,000
-0,-0,-0,62.65330648,26.43034594,48,0,0,5.2,15,8,12,000
-0,-0,-0,62.69934069,26.3209551,48,0,0,5.3,15,8,12,000
-0,-0,-0,62.7451839,26.21148407,48,0,0,5.4,15,8,12,000
-0,-0,-0,62.79083598,26.1019332,48,0,0,5.5,15,8,12,000
-0,-0,-0,62.83629679,25.99230281,48,0,0,5.6,15,8,12,000
-0,-0,-0,62.88156619,25.88259325,48,0,0,5.7,15,8,12,000
-0,-0,-0,62.92664404,25.77280485,48,0,0,5.8,15,8,12,000
-0,-0,-0,62.9715302,25.66293794,48,0,0,5.9,15,8,12,000
-0,-0,-0,63.01622455,25.55299286,48,0,0,6,15,8,12,000
-0,-0,-0,63.06072693,25.44296993,48,0,0,6.1,15,8,12,000
-0,-0,-0,63.10503722,25.3328695,48,0,0,6.2,15,8,12,000
-0,-0,-0,63.14915528,25.22269191,48,0,0,6.3,15,8,12,000
-0,-0,-0,63.19308098,25.11243748,48,0,0,6.4,15,8,12,000
-0,-0,-0,63.23681418,25.00210656,48,0,0,6.5,15,8,12,000
-0,-0,-0,63.28035475,24.89169947,48,0,0,6.6,15,8,12,000
-0,-0,-0,63.32370256,24.78121656,48,0,0,6.7,15,8,12,000
-0,-0,-0,63.36685747,24.67065816,48,0,0,6.8,15,8,12,000
-0,-0,-0,63.40981936,24.56002461,48,0,0,6.9,15,8,12,000
-0,-0,-0,63.45258809,24.44931625,48,0,0,7,15,8,12,000
-0,-0,-0,63.49516353,24.33853341,48,0,0,7.1,15,8,12,000
-0,-0,-0,63.53754555,24.22767643,48,0,0,7.2,15,8,12,000
-0,-0,-0,63.57973403,24.11674565,48,0,0,7.3,15,8,12,000
-0,-0,-0,63.62172883,24.0057414,48,0,0,7.4,15,8,12,000
-0,-0,-0,63.66352983,23.89466403,48,0,0,7.5,15,8,12,000
-0,-0,-0,63.7051369,23.78351387,48,0,0,7.6,15,8,12,000
-0,-0,-0,63.74654992,23.67229127,48,0,0,7.7,15,8,12,000
-0,-0,-0,63.78776875,23.56099655,48,0,0,7.8,15,8,12,000
-0,-0,-0,63.82879327,23.44963006,48,0,0,7.9,15,8,12,000
-0,-0,-0,63.86962336,23.33819214,48,0,0,8,15,8,12,000
-0,-0,-0,63.91025888,23.22668313,48,0,0,8.1,15,8,12,000
-0,-0,-0,63.95069973,23.11510337,48,0,0,8.2,15,8,12,000
-0,-0,-0,63.99094578,23.00345319,48,0,0,8.3,15,8,12,000
-0,-0,-0,64.03099689,22.89173294,48,0,0,8.4,15,8,12,000
-0,-0,-0,64.07085296,22.77994296,48,0,0,8.5,15,8,12,000
-0,-0,-0,64.11051385,22.66808359,48,0,0,8.6,15,8,12,000
-0,-0,-0,64.14997946,22.55615516,48,0,0,8.7,15,8,12,000
-0,-0,-0,64.18924965,22.44415803,48,0,0,8.8,15,8,12,000
-0,-0,-0,64.22832431,22.33209253,48,0,0,8.9,15,8,12,000
-0,-0,-0,64.26720332,22.219959,48,0,0,9,15,8,12,000
-0,-0,-0,64.30588656,22.10775778,48,0,0,9.1,15,8,12,000
-0,-0,-0,64.34437391,21.99548922,48,0,0,9.2,15,8,12,000
-0,-0,-0,64.38266526,21.88315366,48,0,0,9.3,15,8,12,000
-0,-0,-0,64.42076049,21.77075144,48,0,0,9.4,15,8,12,000
-0,-0,-0,64.45865948,21.6582829,48,0,0,9.5,15,8,12,000
-0,-0,-0,64.49636212,21.54574838,48,0,0,9.6,15,8,12,000
-0,-0,-0,64.53386829,21.43314824,48,0,0,9.7,15,8,12,000
-0,-0,-0,64.57117788,21.3204828,48,0,0,9.8,15,8,12,000
-0,-0,-0,64.60829078,21.20775242,48,0,0,9.9,15,8,12,000
-0,-0,-0,64.64520687,21.09495744,48,0,0,10,15,8,12,000
-0,-0,-0,64.68192603,20.98209819,48,0,0,10.1,15,8,12,000
-0,-0,-0,64.71844817,20.86917504,48,0,0,10.2,15,8,12,000
-0,-0,-0,64.75477316,20.75618831,48,0,0,10.3,15,8,12,000
-0,-0,-0,64.7909009,20.64313835,48,0,0,10.4,15,8,12,000
-0,-0,-0,64.82683127,20.53002551,48,0,0,10.5,15,8,12,000
-0,-0,-0,64.86256417,20.41685014,48,0,0,10.6,15,8,12,000
-0,-0,-0,64.89809948,20.30361257,48,0,0,10.7,15,8,12,000
-0,-0,-0,64.93343711,20.19031315,48,0,0,10.8,15,8,12,000
-0,-0,-0,64.96857694,20.07695223,48,0,0,10.9,15,8,12,000
-0,-0,-0,65.00351886,19.96353015,48,0,0,11,15,8,12,000
-0,-0,-0,65.03826277,19.85004726,48,0,0,11.1,15,8,12,000
-0,-0,-0,65.07280856,19.7365039,48,0,0,11.2,15,8,12,000
-0,-0,-0,65.10715613,19.62290042,48,0,0,11.3,15,8,12,000
-0,-0,-0,65.14130537,19.50923717,48,0,0,11.4,15,8,12,000
-0,-0,-0,65.17525618,19.39551448,48,0,0,11.5,15,8,12,000
-0,-0,-0,65.20900845,19.28173272,48,0,0,11.6,15,8,12,000
-0,-0,-0,65.24256209,19.16789222,48,0,0,11.7,15,8,12,000
-0,-0,-0,65.27591698,19.05399333,48,0,0,11.8,15,8,12,000
-0,-0,-0,65.30907304,18.9400364,48,0,0,11.9,15,8,12,000
-0,-0,-0,65.34203015,18.82602177,48,0,0,12,15,8,12,000
-0,-0,-0,65.37478822,18.7119498,48,0,0,12.1,15,8,12,000
-0,-0,-0,65.40734714,18.59782083,48,0,0,12.2,15,8,12,000
-0,-0,-0,65.43970683,18.48363521,48,0,0,12.3,15,8,12,000
-0,-0,-0,65.47186717,18.36939328,48,0,0,12.4,15,8,12,000
-0,-0,-0,65.50382807,18.25509539,48,0,0,12.5,15,8,12,000
-0,-0,-0,65.53558944,18.1407419,48,0,0,12.6,15,8,12,000
-0,-0,-0,65.56715118,18.02633315,48,0,0,12.7,15,8,12,000
-0,-0,-0,65.59851318,17.91186948,48,0,0,12.8,15,8,12,000
-0,-0,-0,65.62967536,17.79735125,48,0,0,12.9,15,8,12,000
-0,-0,-0,65.66063763,17.68277881,48,0,0,13,15,8,12,000
-0,-0,-0,65.69139987,17.56815251,48,0,0,13.1,15,8,12,000
-0,-0,-0,65.72196202,17.45347269,48,0,0,13.2,15,8,12,000
-0,-0,-0,65.75232396,17.3387397,48,0,0,13.3,15,8,12,000
-0,-0,-0,65.7824856,17.22395389,48,0,0,13.4,15,8,12,000
-0,-0,-0,65.81244687,17.10911562,48,0,0,13.5,15,8,12,000
-0,-0,-0,65.84220765,16.99422523,48,0,0,13.6,15,8,12,000
-0,-0,-0,65.87176787,16.87928308,48,0,0,13.7,15,8,12,000
-0,-0,-0,65.90112744,16.7642895,48,0,0,13.8,15,8,12,000
-0,-0,-0,65.93028625,16.64924486,48,0,0,13.9,15,8,12,000
-0,-0,-0,65.95924424,16.5341495,48,0,0,14,15,8,12,000
-0,-0,-0,65.98800129,16.41900378,48,0,0,14.1,15,8,12,000
-0,-0,-0,66.01655734,16.30380804,48,0,0,14.2,15,8,12,000
-0,-0,-0,66.04491229,16.18856264,48,0,0,14.3,15,8,12,000
-0,-0,-0,66.07306606,16.07326793,48,0,0,14.4,15,8,12,000
-0,-0,-0,66.10101855,15.95792425,48,0,0,14.5,15,8,12,000
-0,-0,-0,66.12876969,15.84253196,48,0,0,14.6,15,8,12,000
-0,-0,-0,66.15631939,15.72709141,48,0,0,14.7,15,8,12,000
-0,-0,-0,66.18366757,15.61160296,48,0,0,14.8,15,8,12,000
-0,-0,-0,66.21081414,15.49606695,48,0,0,14.9,15,8,12,000
-0,-0,-0,66.23775902,15.38048374,48,0,0,15,15,8,12,000
-0,-0,-0,66.26450213,15.26485367,48,0,0,15.1,15,8,12,000
-0,-0,-0,66.29104338,15.1491771,48,0,0,15.2,15,8,12,000
-0,-0,-0,66.31738271,15.03345439,48,0,0,15.3,15,8,12,000
-0,-0,-0,66.34352001,14.91768589,48,0,0,15.4,15,8,12,000
-0,-0,-0,66.36945523,14.80187194,48,0,0,15.5,15,8,12,000
-0,-0,-0,66.39518827,14.6860129,48,0,0,15.6,15,8,12,000
-0,-0,-0,66.42071906,14.57010913,48,0,0,15.7,15,8,12,000
-0,-0,-0,66.44604752,14.45416097,48,0,0,15.8,15,8,12,000
-0,-0,-0,66.47117357,14.33816878,48,0,0,15.9,15,8,12,000
-0,-0,-0,66.49609714,14.22213292,48,0,0,16,15,8,12,000
-0,-0,-0,66.52081816,14.10605373,48,0,0,16.1,15,8,12,000
-0,-0,-0,66.54533653,13.98993158,48,0,0,16.2,15,8,12,000
-0,-0,-0,66.5696522,13.87376681,48,0,0,16.3,15,8,12,000
-0,-0,-0,66.59376509,13.75755977,48,0,0,16.4,15,8,12,000
-0,-0,-0,66.61767512,13.64131083,48,0,0,16.5,15,8,12,000
-0,-0,-0,66.64138222,13.52502034,48,0,0,16.6,15,8,12,000
-0,-0,-0,66.66488633,13.40868864,48,0,0,16.7,15,8,12,000
-0,-0,-0,66.68818735,13.2923161,48,0,0,16.8,15,8,12,000
-0,-0,-0,66.71128524,13.17590307,48,0,0,16.9,15,8,12,000
-0,-0,-0,66.73417991,13.05944991,48,0,0,17,15,8,12,000
-0,-0,-0,66.7568713,12.94295696,48,0,0,17.1,15,8,12,000
-0,-0,-0,66.77935933,12.82642459,48,0,0,17.2,15,8,12,000
-0,-0,-0,66.80164394,12.70985314,48,0,0,17.3,15,8,12,000
-0,-0,-0,66.82372506,12.59324298,48,0,0,17.4,15,8,12,000
-0,-0,-0,66.84560263,12.47659445,48,0,0,17.5,15,8,12,000
-0,-0,-0,66.86727657,12.35990792,48,0,0,17.6,15,8,12,000
-0,-0,-0,66.88874682,12.24318374,48,0,0,17.7,15,8,12,000
-0,-0,-0,66.91001332,12.12642227,48,0,0,17.8,15,8,12,000
-0,-0,-0,66.931076,12.00962386,48,0,0,17.9,15,8,12,000
-0,-0,-0,66.9519348,11.89278886,48,0,0,18,15,8,12,000
-0,-0,-0,66.97258965,11.77591763,48,0,0,18.1,15,8,12,000
-0,-0,-0,66.99304048,11.65901054,48,0,0,18.2,15,8,12,000
-0,-0,-0,67.01328725,11.54206793,48,0,0,18.3,15,8,12,000
-0,-0,-0,67.03332988,11.42509016,48,0,0,18.4,15,8,12,000
-0,-0,-0,67.05316832,11.30807758,48,0,0,18.5,15,8,12,000
-0,-0,-0,67.0728025,11.19103056,48,0,0,18.6,15,8,12,000
-0,-0,-0,67.09223236,11.07394945,48,0,0,18.7,15,8,12,000
-0,-0,-0,67.11145785,10.95683461,48,0,0,18.8,15,8,12,000
-0,-0,-0,67.13047891,10.83968639,48,0,0,18.9,15,8,12,000
-0,-0,-0,67.14929548,10.72250515,48,0,0,19,15,8,12,000
-0,-0,-0,67.1679075,10.60529125,48,0,0,19.1,15,8,12,000
-0,-0,-0,67.18631491,10.48804504,48,0,0,19.2,15,8,12,000
-0,-0,-0,67.20451766,10.37076689,48,0,0,19.3,15,8,12,000
-0,-0,-0,67.2225157,10.25345714,48,0,0,19.4,15,8,12,000
-0,-0,-0,67.24030896,10.13611616,48,0,0,19.5,15,8,12,000
-0,-0,-0,67.2578974,10.0187443,48,0,0,19.6,15,8,12,000
-0,-0,-0,67.27528096,9.90134193,48,0,0,19.7,15,8,12,000
-0,-0,-0,67.29245959,9.78390939,48,0,0,19.8,15,8,12,000
-0,-0,-0,67.30943323,9.66644705,48,0,0,19.9,15,8,12,000
-0,-0,-0,67.32620183,9.54895527,48,0,0,20,15,8,12,000
-0,-0,-0,67.34276535,9.43143439,48,0,0,20.1,15,8,12,000
-0,-0,-0,67.35912373,9.31388479,48,0,0,20.2,15,8,12,000
-0,-0,-0,67.37527693,9.19630681,48,0,0,20.3,15,8,12,000
-0,-0,-0,67.39122488,9.07870082,48,0,0,20.4,15,8,12,000
-0,-0,-0,67.40696756,8.96106718,48,0,0,20.5,15,8,12,000
-0,-0,-0,67.42250489,8.84340624,48,0,0,20.6,15,8,12,000
-0,-0,-0,67.43783685,8.72571836,48,0,0,20.7,15,8,12,000
-0,-0,-0,67.45296338,8.6080039,48,0,0,20.8,15,8,12,000
-0,-0,-0,67.46788444,8.49026322,48,0,0,20.9,15,8,12,000
-0,-0,-0,67.48259998,8.37249668,48,0,0,21,15,8,12,000
-0,-0,-0,67.49710995,8.25470463,48,0,0,21.1,15,8,12,000
-0,-0,-0,67.51141432,8.13688743,48,0,0,21.2,15,8,12,000
-0,-0,-0,67.52551303,8.01904545,48,0,0,21.3,15,8,12,000
-0,-0,-0,67.53940605,7.90117905,48,0,0,21.4,15,8,12,000
-0,-0,-0,67.55309333,7.78328857,48,0,0,21.5,15,8,12,000
-0,-0,-0,67.56657484,7.66537439,48,0,0,21.6,15,8,12,000
-0,-0,-0,67.57985052,7.54743685,48,0,0,21.7,15,8,12,000
-0,-0,-0,67.59292035,7.42947633,48,0,0,21.8,15,8,12,000
-0,-0,-0,67.60578428,7.31149317,48,0,0,21.9,15,8,12,000
-0,-0,-0,67.61844226,7.19348774,48,0,0,22,15,8,12,000
-0,-0,-0,67.63089427,7.0754604,48,0,0,22.1,15,8,12,000
-0,-0,-0,67.64314027,6.9574115,48,0,0,22.2,15,8,12,000
-0,-0,-0,67.65518021,6.83934142,48,0,0,22.3,15,8,12,000
-0,-0,-0,67.66701406,6.72125049,48,0,0,22.4,15,8,12,000
-0,-0,-0,67.67864179,6.6031391,48,0,0,22.5,15,8,12,000
-0,-0,-0,67.69006335,6.48500759,48,0,0,22.6,15,8,12,000
-0,-0,-0,67.70127872,6.36685632,48,0,0,22.7,15,8,12,000
-0,-0,-0,67.71228786,6.24868566,48,0,0,22.8,15,8,12,000
-0,-0,-0,67.72309074,6.13049597,48,0,0,22.9,15,8,12,000
-0,-0,-0,67.73368732,6.0122876,48,0,0,23,15,8,12,000
-0,-0,-0,67.74407757,5.89406092,48,0,0,23.1,15,8,12,000
-0,-0,-0,67.75426146,5.77581628,48,0,0,23.2,15,8,12,000
-0,-0,-0,67.76423896,5.65755405,48,0,0,23.3,15,8,12,000
-0,-0,-0,67.77401004,5.53927458,48,0,0,23.4,15,8,12,000
-0,-0,-0,67.78357467,5.42097824,48,0,0,23.5,15,8,12,000
-0,-0,-0,67.79293282,5.30266539,48,0,0,23.6,15,8,12,000
-0,-0,-0,67.80208445,5.18433639,48,0,0,23.7,15,8,12,000
-0,-0,-0,67.81102955,5.06599159,48,0,0,23.8,15,8,12,000
-0,-0,-0,67.81976809,4.94763136,48,0,0,23.9,15,8,12,000
-0,-0,-0,67.82830004,4.82925606,48,0,0,24,15,8,12,000
-0,-0,-0,67.83662537,4.71086605,48,0,0,24.1,15,8,12,000
-0,-0,-0,67.84474405,4.59246169,48,0,0,24.2,15,8,12,000
-0,-0,-0,67.85265607,4.47404334,48,0,0,24.3,15,8,12,000
-0,-0,-0,67.8603614,4.35561136,48,0,0,24.4,15,8,12,000
-0,-0,-0,67.86786002,4.23716611,48,0,0,24.5,15,8,12,000
-0,-0,-0,67.8751519,4.11870795,48,0,0,24.6,15,8,12,000
-0,-0,-0,67.88223701,4.00023725,48,0,0,24.7,15,8,12,000
-0,-0,-0,67.88911535,3.88175437,48,0,0,24.8,15,8,12,000
-0,-0,-0,67.89578689,3.76325966,48,0,0,24.9,15,8,12,000
-0,-0,-0,67.9022516,3.64475348,48,0,0,25,15,8,12,000
-0,-0,-0,67.90850947,3.5262362,48,0,0,25.1,15,8,12,000
-0,-0,-0,67.91456048,3.40770819,48,0,0,25.2,15,8,12,000
-0,-0,-0,67.92040461,3.28916979,48,0,0,25.3,15,8,12,000
-0,-0,-0,67.92604184,3.17062137,48,0,0,25.4,15,8,12,000
-0,-0,-0,67.93147216,3.05206329,48,0,0,25.5,15,8,12,000
-0,-0,-0,67.93669555,2.93349592,48,0,0,25.6,15,8,12,000
-0,-0,-0,67.94171199,2.81491961,48,0,0,25.7,15,8,12,000
-0,-0,-0,67.94652146,2.69633472,48,0,0,25.8,15,8,12,000
-0,-0,-0,67.95112397,2.57774162,48,0,0,25.9,15,8,12,000
-0,-0,-0,67.95551948,2.45914067,48,0,0,26,15,8,12,000
-0,-0,-0,67.95970798,2.34053223,48,0,0,26.1,15,8,12,000
-0,-0,-0,67.96368947,2.22191666,48,0,0,26.2,15,8,12,000
-0,-0,-0,67.96746393,2.10329432,48,0,0,26.3,15,8,12,000
-0,-0,-0,67.97103135,1.98466558,48,0,0,26.4,15,8,12,000
-0,-0,-0,67.97439172,1.86603078,48,0,0,26.5,15,8,12,000
-0,-0,-0,67.97754502,1.74739031,48,0,0,26.6,15,8,12,000
-0,-0,-0,67.98049126,1.62874451,48,0,0,26.7,15,8,12,000
-0,-0,-0,67.98323041,1.51009375,48,0,0,26.8,15,8,12,000
-0,-0,-0,67.98576247,1.39143839,48,0,0,26.9,15,8,12,000
-0,-0,-0,67.98808744,1.27277879,48,0,0,27,15,8,12,000
-0,-0,-0,67.99020531,1.15411531,48,0,0,27.1,15,8,12,000
-0,-0,-0,67.99211606,1.03544832,48,0,0,27.2,15,8,12,000
-0,-0,-0,67.9938197,0.91677818,48,0,0,27.3,15,8,12,000
-0,-0,-0,67.99531622,0.79810524,48,0,0,27.4,15,8,12,000
-0,-0,-0,67.99660561,0.67942987,48,0,0,27.5,15,8,12,000
-0,-0,-0,67.99768788,0.56075243,48,0,0,27.6,15,8,12,000
-0,-0,-0,67.99856301,0.44207328,48,0,0,27.7,15,8,12,000
-0,-0,-0,67.999231,0.32339279,48,0,0,27.8,15,8,12,000
-0,-0,-0,67.99969186,0.20471131,48,0,0,27.9,15,8,12,000
-0,-0,-0,67.99994558,0.0860292,48,0,0,28,15,8,12,000
-0,0.03265316,-0,67.99999216,-0,48,0,0,28.1,15,8,12,010
-0,0.15133543,-0,67.9998316,-0,48,0,0,28.2,15,8,12,010
-0,0.27001723,-0,67.9994639,-0,48,0,0,28.3,15,8,12,010
-0,0.38869821,-0,67.99888906,-0,48,0,0,28.4,15,8,12,010
-0,0.50737801,-0,67.99810709,-0,48,0,0,28.5,15,8,12,010
-0,0.62605626,-0,67.99711798,-0,48,0,0,28.6,15,8,12,010
-0,0.74473261,-0,67.99592174,-0,48,0,0,28.7,15,8,12,010
-0,0.86340668,-0,67.99451837,-0,48,0,0,28.8,15,8,12,010
-0,0.98207813,-0,67.99290788,-0,48,0,0,28.9,15,8,12,010
-0,1.10074659,-0,67.99109028,-0,48,0,0,29,15,8,12,010
-0,1.21941169,-0,67.98906556,-0,48,0,0,29.1,15,8,12,010
-0,1.33807308,-0,67.98683373,-0,48,0,0,29.2,15,8,12,010
-0,1.45673039,-0,67.9843948,-0,48,0,0,29.3,15,8,12,010
-0,1.57538326,-0,67.98174878,-0,48,0,0,29.4,15,8,12,010
-0,1.69403134,-0,67.97889568,-0,48,0,0,29.5,15,8,12,010
-0,1.81267425,-0,67.9758355,-0,48,0,0,29.6,15,8,12,010
-0,1.93131164,-0,67.97256826,-0,48,0,0,29.7,15,8,12,010
-0,2.04994315,-0,67.96909396,-0,48,0,0,29.8,15,8,12,010
-0,2.16856842,-0,67.96541261,-0,48,0,0,29.9,15,8,12,010
-0,2.28718708,-0,67.96152423,-0,48,0,0,30,15,8,12,010
-0,2.40579877,-0,67.95742882,-0,48,0,0,30.1,15,8,12,010
-0,2.52440314,-0,67.95312641,-0,48,0,0,30.2,15,8,12,010
-0,2.64299981,-0,67.948617,-0,48,0,0,30.3,15,8,12,010
-0,2.76158843,-0,67.9439006,-0,48,0,0,30.4,15,8,12,010
-0,2.88016864,-0,67.93897724,-0,48,0,0,30.5,15,8,12,010
-0,2.99874008,-0,67.93384692,-0,48,0,0,30.6,15,8,12,010
-0,3.11730238,-0,67.92850967,-0,48,0,0,30.7,15,8,12,010
-0,3.23585519,-0,67.92296549,-0,48,0,0,30.8,15,8,12,010
-0,3.35439814,-0,67.91721441,-0,48,0,0,30.9,15,8,12,010
-0,3.47293087,-0,67.91125644,-0,48,0,0,31,15,8,12,010
-0,3.59145302,-0,67.9050916,-0,48,0,0,31.1,15,8,12,010
-0,3.70996424,-0,67.89871991,-0,48,0,0,31.2,15,8,12,010
-0,3.82846415,-0,67.89214139,-0,48,0,0,31.3,15,8,12,010
-0,3.9469524,-0,67.88535606,-0,48,0,0,31.4,15,8,12,010
-0,4.06542862,-0,67.87836393,-0,48,0,0,31.5,15,8,12,010
-0,4.18389247,-0,67.87116504,-0,48,0,0,31.6,15,8,12,010
-0,4.30234356,-0,67.8637594,-0,48,0,0,31.7,15,8,12,010
-0,4.42078155,-0,67.85614704,-0,48,0,0,31.8,15,8,12,010
-0,4.53920608,-0,67.84832797,-0,48,0,0,31.9,15,8,12,010
-0,4.65761678,-0,67.84030222,-0,48,0,0,32,15,8,12,010
-0,4.77601329,-0,67.83206983,-0,48,0,0,32.1,15,8,12,010
-0,4.89439525,-0,67.8236308,-0,48,0,0,32.2,15,8,12,010
-0,5.0127623,-0,67.81498517,-0,48,0,0,32.3,15,8,12,010
-0,5.13111408,-0,67.80613297,-0,48,0,0,32.4,15,8,12,010
-0,5.24945023,-0,67.79707422,-0,48,0,0,32.5,15,8,12,010
-0,5.3677704,-0,67.78780894,-0,48,0,0,32.6,15,8,12,010
-0,5.48607421,-0,67.77833717,-0,48,0,0,32.7,15,8,12,010
-0,5.60436131,-0,67.76865894,-0,48,0,0,32.8,15,8,12,010
-0,5.72263133,-0,67.75877427,-0,48,0,0,32.9,15,8,12,010
-0,5.84088393,-0,67.7486832,-0,48,0,0,33,15,8,12,010
-0,5.95911873,-0,67.73838575,-0,48,0,0,33.1,15,8,12,010
-0,6.07733538,-0,67.72788196,-0,48,0,0,33.2,15,8,12,010
-0,6.19553352,-0,67.71717186,-0,48,0,0,33.3,15,8,12,010
-0,6.31371278,-0,67.70625548,-0,48,0,0,33.4,15,8,12,010
-0,6.43187281,-0,67.69513285,-0,48,0,0,33.5,15,8,12,010
-0,6.55001325,-0,67.68380402,-0,48,0,0,33.6,15,8,12,010
-0,6.66813374,-0,67.67226901,-0,48,0,0,33.7,15,8,12,010
-0,6.78623391,-0,67.66052785,-0,48,0,0,33.8,15,8,12,010
-0,6.90431342,-0,67.64858059,-0,48,0,0,33.9,15,8,12,010
-0,7.02237189,-0,67.63642726,-0,48,0,0,34,15,8,12,010
-0,7.14040897,-0,67.6240679,-0,48,0,0,34.1,15,8,12,010
-0,7.25842429,-0,67.61150255,-0,48,0,0,34.2,15,8,12,010
-0,7.37641751,-0,67.59873124,-0,48,0,0,34.3,15,8,12,010
-0,7.49438826,-0,67.58575401,-0,48,0,0,34.4,15,8,12,010
-0,7.61233618,-0,67.5725709,-0,48,0,0,34.5,15,8,12,010
-0,7.73026091,-0,67.55918195,-0,48,0,0,34.6,15,8,12,010
-0,7.84816209,-0,67.54558721,-0,48,0,0,34.7,15,8,12,010
-0,7.96603937,-0,67.53178671,-0,48,0,0,34.8,15,8,12,010
-0,8.08389238,-0,67.5177805,-0,48,0,0,34.9,15,8,12,010
-0,8.20172076,-0,67.50356862,-0,48,0,0,35,15,8,12,010
-0,8.31952416,-0,67.48915111,-0,48,0,0,35.1,15,8,12,010
-0,8.43730222,-0,67.47452802,-0,48,0,0,35.2,15,8,12,010
-0,8.55505458,-0,67.45969939,-0,48,0,0,35.3,15,8,12,010
-0,8.67278088,-0,67.44466526,-0,48,0,0,35.4,15,8,12,010
-0,8.79048076,-0,67.42942568,-0,48,0,0,35.5,15,8,12,010
-0,8.90815386,-0,67.41398071,-0,48,0,0,35.6,15,8,12,010
-0,9.02579982,-0,67.39833038,-0,48,0,0,35.7,15,8,12,010
-0,9.14341829,-0,67.38247474,-0,48,0,0,35.8,15,8,12,010
-0,9.26100891,-0,67.36641384,-0,48,0,0,35.9,15,8,12,010
-0,9.37857132,-0,67.35014774,-0,48,0,0,36,15,8,12,010
-0,9.49610516,-0,67.33367647,-0,48,0,0,36.1,15,8,12,010
-0,9.61361007,-0,67.31700009,-0,48,0,0,36.2,15,8,12,010
-0,9.7310857,-0,67.30011866,-0,48,0,0,36.3,15,8,12,010
-0,9.84853168,-0,67.28303221,-0,48,0,0,36.4,15,8,12,010
-0,9.96594767,-0,67.26574081,-0,48,0,0,36.5,15,8,12,010
-0,10.08333329,-0,67.24824451,-0,48,0,0,36.6,15,8,12,010
-0,10.2006882,-0,67.23054336,-0,48,0,0,36.7,15,8,12,010
-0,10.31801204,-0,67.21263741,-0,48,0,0,36.8,15,8,12,010
-0,10.43530445,-0,67.19452672,-0,48,0,0,36.9,15,8,12,010
-0,10.55256507,-0,67.17621134,-0,48,0,0,37,15,8,12,010
-0,10.66979354,-0,67.15769134,-0,48,0,0,37.1,15,8,12,010
-0,10.78698951,-0,67.13896676,-0,48,0,0,37.2,15,8,12,010
-0,10.90415263,-0,67.12003766,-0,48,0,0,37.3,15,8,12,010
-0,11.02128253,-0,67.1009041,-0,48,0,0,37.4,15,8,12,010
-0,11.13837885,-0,67.08156615,-0,48,0,0,37.5,15,8,12,010
-0,11.25544125,-0,67.06202385,-0,48,0,0,37.6,15,8,12,010
-0,11.37246936,-0,67.04227726,-0,48,0,0,37.7,15,8,12,010
-0,11.48946282,-0,67.02232646,-0,48,0,0,37.8,15,8,12,010
-0,11.60642129,-0,67.00217149,-0,48,0,0,37.9,15,8,12,010
-0,11.7233444,-0,66.98181243,-0,48,0,0,38,15,8,12,010
-0,11.84023181,-0,66.96124932,-0,48,0,0,38.1,15,8,12,010
-0,11.95708314,-0,66.94048224,-0,48,0,0,38.2,15,8,12,010
-0,12.07389805,-0,66.91951125,-0,48,0,0,38.3,15,8,12,010
-0,12.19067618,-0,66.89833641,-0,48,0,0,38.4,15,8,12,010
-0,12.30741718,-0,66.87695778,-0,48,0,0,38.5,15,8,12,010
-0,12.42412069,-0,66.85537544,-0,48,0,0,38.6,15,8,12,010
-0,12.54078635,-0,66.83358944,-0,48,0,0,38.7,15,8,12,010
-0,12.6574138,-0,66.81159986,-0,48,0,0,38.8,15,8,12,010
-0,12.77400271,-0,66.78940676,-0,48,0,0,38.9,15,8,12,010
-0,12.8905527,-0,66.7670102,-0,48,0,0,39,15,8,12,010
-0,13.00706342,-0,66.74441026,-0,48,0,0,39.1,15,8,12,010
-0,13.12353452,-0,66.72160701,-0,48,0,0,39.2,15,8,12,010
-0,13.23996565,-0,66.69860051,-0,48,0,0,39.3,15,8,12,010
-0,13.35635644,-0,66.67539083,-0,48,0,0,39.4,15,8,12,010
-0,13.47270655,-0,66.65197805,-0,48,0,0,39.5,15,8,12,010
-0,13.58901562,-0,66.62836224,-0,48,0,0,39.6,15,8,12,010
-0,13.70528329,-0,66.60454346,-0,48,0,0,39.7,15,8,12,010
-0,13.82150921,-0,66.5805218,-0,48,0,0,39.8,15,8,12,010
-0,13.93769304,-0,66.55629732,-0,48,0,0,39.9,15,8,12,010
-0,14.0538344,-0,66.5318701,-0,48,0,0,40,15,8,12,010
-0,14.16993296,-0,66.50724021,-0,48,0,0,40.1,15,8,12,010
-0,14.28598835,-0,66.48240773,-0,48,0,0,40.2,15,8,12,010
-0,14.40200022,-0,66.45737273,-0,48,0,0,40.3,15,8,12,010
-0,14.51796822,-0,66.43213529,-0,48,0,0,40.4,15,8,12,010
-0,14.633892,-0,66.40669548,-0,48,0,0,40.5,15,8,12,010
-0,14.7497712,-0,66.38105339,-0,48,0,0,40.6,15,8,12,010
-0,14.86560547,-0,66.35520909,-0,48,0,0,40.7,15,8,12,010
-0,14.98139446,-0,66.32916267,-0,48,0,0,40.8,15,8,12,010
-0,15.09713781,-0,66.30291419,-0,48,0,0,40.9,15,8,12,010
-0,15.21283517,-0,66.27646374,-0,48,0,0,41,15,8,12,010
-0,15.32848619,-0,66.2498114,-0,48,0,0,41.1,15,8,12,010
-0,15.44409052,-0,66.22295726,-0,48,0,0,41.2,15,8,12,010
-0,15.55964781,-0,66.19590138,-0,48,0,0,41.3,15,8,12,010
-0,15.67515769,-0,66.16864387,-0,48,0,0,41.4,15,8,12,010
-0,15.79061983,-0,66.14118479,-0,48,0,0,41.5,15,8,12,010
-0,15.90603386,-0,66.11352423,-0,48,0,0,41.6,15,8,12,010
-0,16.02139945,-0,66.08566229,-0,48,0,0,41.7,15,8,12,010
-0,16.13671623,-0,66.05759903,-0,48,0,0,41.8,15,8,12,010
-0,16.25198385,-0,66.02933455,-0,48,0,0,41.9,15,8,12,010
-0,16.36720197,-0,66.00086893,-0,48,0,0,42,15,8,12,010
-0,16.48237023,-0,65.97220227,-0,48,0,0,42.1,15,8,12,010
-0,16.59748828,-0,65.94333464,-0,48,0,0,42.2,15,8,12,010
-0,16.71255577,-0,65.91426613,-0,48,0,0,42.3,15,8,12,010
-0,16.82757235,-0,65.88499684,-0,48,0,0,42.4,15,8,12,010
-0,16.94253768,-0,65.85552685,-0,48,0,0,42.5,15,8,12,010
-0,17.05745139,-0,65.82585626,-0,48,0,0,42.6,15,8,12,010
-0,17.17231315,-0,65.79598514,-0,48,0,0,42.7,15,8,12,010
-0,17.28712259,-0,65.76591361,-0,48,0,0,42.8,15,8,12,010
-0,17.40187938,-0,65.73564173,-0,48,0,0,42.9,15,8,12,010
-0,17.51658315,-0,65.70516962,-0,48,0,0,43,15,8,12,010
-0,17.63123357,-0,65.67449736,-0,48,0,0,43.1,15,8,12,010
-0,17.74583028,-0,65.64362504,-0,48,0,0,43.2,15,8,12,010
-0,17.86037293,-0,65.61255275,-0,48,0,0,43.3,15,8,12,010
-0,17.97486118,-0,65.5812806,-0,48,0,0,43.4,15,8,12,010
-0,18.08929467,-0,65.54980868,-0,48,0,0,43.5,15,8,12,010
-0,18.20367306,-0,65.51813709,-0,48,0,0,43.6,15,8,12,010
-0,18.317996,-0,65.48626591,-0,48,0,0,43.7,15,8,12,010
-0,18.43226313,-0,65.45419525,-0,48,0,0,43.8,15,8,12,010
-0,18.54647412,-0,65.42192521,-0,48,0,0,43.9,15,8,12,010
-0,18.66062862,-0,65.38945588,-0,48,0,0,44,15,8,12,010
-0,18.77472627,-0,65.35678736,-0,48,0,0,44.1,15,8,12,010
-0,18.88876673,-0,65.32391975,-0,48,0,0,44.2,15,8,12,010
-0,19.00274965,-0,65.29085316,-0,48,0,0,44.3,15,8,12,010
-0,19.11667468,-0,65.25758767,-0,48,0,0,44.4,15,8,12,010
-0,19.23054149,-0,65.22412341,-0,48,0,0,44.5,15,8,12,010
-0,19.34434971,-0,65.19046046,-0,48,0,0,44.6,15,8,12,010
-0,19.458099,-0,65.15659892,-0,48,0,0,44.7,15,8,12,010
-0,19.57178903,-0,65.12253891,-0,48,0,0,44.8,15,8,12,010
-0,19.68541943,-0,65.08828053,-0,48,0,0,44.9,15,8,12,010
-0,19.79898987,-0,65.05382387,-0,48,0,0,45,15,8,12,010
-0,19.9125,-0,65.01916905,-0,48,0,0,45.1,15,8,12,010
-0,20.02594947,-0,64.98431617,-0,48,0,0,45.2,15,8,12,010
-0,20.13933794,-0,64.94926533,-0,48,0,0,45.3,15,8,12,010
-0,20.25266506,-0,64.91401665,-0,48,0,0,45.4,15,8,12,010
-0,20.36593049,-0,64.87857023,-0,48,0,0,45.5,15,8,12,010
-0,20.47913388,-0,64.84292618,-0,48,0,0,45.6,15,8,12,010
-0,20.59227489,-0,64.8070846,-0,48,0,0,45.7,15,8,12,010
-0,20.70535317,-0,64.77104562,-0,48,0,0,45.8,15,8,12,010
-0,20.81836837,-0,64.73480932,-0,48,0,0,45.9,15,8,12,010
-0,20.93132017,-0,64.69837584,-0,48,0,0,46,15,8,12,010
-0,21.0442082,-0,64.66174527,-0,48,0,0,46.1,15,8,12,010
-0,21.15703212,-0,64.62491773,-0,48,0,0,46.2,15,8,12,010
-0,21.2697916,-0,64.58789333,-0,48,0,0,46.3,15,8,12,010
-0,21.38248629,-0,64.55067219,-0,48,0,0,46.4,15,8,12,010
-0,21.49511584,-0,64.51325441,-0,48,0,0,46.5,15,8,12,010
-0,21.60767991,-0,64.47564012,-0,48,0,0,46.6,15,8,12,010
-0,21.72017817,-0,64.43782942,-0,48,0,0,46.7,15,8,12,010
-0,21.83261026,-0,64.39982243,-0,48,0,0,46.8,15,8,12,010
-0,21.94497584,-0,64.36161927,-0,48,0,0,46.9,15,8,12,010
-0,22.05727458,-0,64.32322006,-0,48,0,0,47,15,8,12,010
-0,22.16950612,-0,64.2846249,-0,48,0,0,47.1,15,8,12,010
-0,22.28167013,-0,64.24583392,-0,48,0,0,47.2,15,8,12,010
-0,22.39376627,-0,64.20684724,-0,48,0,0,47.3,15,8,12,010
-0,22.5057942,-0,64.16766497,-0,48,0,0,47.4,15,8,12,010
-0,22.61775356,-0,64.12828723,-0,48,0,0,47.5,15,8,12,010
-0,22.72964403,-0,64.08871416,-0,48,0,0,47.6,15,8,12,010
-0,22.84146527,-0,64.04894585,-0,48,0,0,47.7,15,8,12,010
-0,22.95321692,-0,64.00898244,-0,48,0,0,47.8,15,8,12,010
-0,23.06489865,-0,63.96882405,-0,48,0,0,47.9,15,8,12,010
-0,23.17651013,-0,63.9284708,-0,48,0,0,48,15,8,12,010
-0,23.288051,-0,63.88792281,-0,48,0,0,48.1,15,8,12,010
-0,23.39952093,-0,63.8471802,-0,48,0,0,48.2,15,8,12,010
-0,23.51091959,-0,63.80624311,-0,48,0,0,48.3,15,8,12,010
-0,23.62224663,-0,63.76511166,-0,48,0,0,48.4,15,8,12,010
-0,23.7335017,-0,63.72378596,-0,48,0,0,48.5,15,8,12,010
-0,23.84468449,-0,63.68226615,-0,48,0,0,48.6,15,8,12,010
-0,23.95579464,-0,63.64055235,-0,48,0,0,48.7,15,8,12,010
-0,24.06683181,-0,63.59864469,-0,48,0,0,48.8,15,8,12,010
-0,24.17779567,-0,63.5565433,-0,48,0,0,48.9,15,8,12,010
-0,24.28868589,-0,63.51424831,-0,48,0,0,49,15,8,12,010
-0,24.39950211,-0,63.47175984,-0,48,0,0,49.1,15,8,12,010
-0,24.51024401,-0,63.42907802,-0,48,0,0,49.2,15,8,12,010
-0,24.62091125,-0,63.38620299,-0,48,0,0,49.3,15,8,12,010
-0,24.73150349,-0,63.34313487,-0,48,0,0,49.4,15,8,12,010
-0,24.84202039,-0,63.2998738,-0,48,0,0,49.5,15,8,12,010
-0,24.95246162,-0,63.2564199,-0,48,0,0,49.6,15,8,12,010
-0,25.06282684,-0,63.21277332,-0,48,0,0,49.7,15,8,12,010
-0,25.17311571,-0,63.16893418,-0,48,0,0,49.8,15,8,12,010
-0,25.2833279,-0,63.12490262,-0,48,0,0,49.9,15,8,12,010
-0,25.39346308,-0,63.08067876,-0,48,0,0,50,15,8,12,010
-0,25.5035209,-0,63.03626275,-0,48,0,0,50.1,15,8,12,010
-0,25.61350103,-0,62.99165472,-0,48,0,0,50.2,15,8,12,010
-0,25.72340314,-0,62.94685481,-0,48,0,0,50.3,15,8,12,010
-0,25.83322689,-0,62.90186315,-0,48,0,0,50.4,15,8,12,010
-0,25.94297195,-0,62.85667989,-0,48,0,0,50.5,15,8,12,010
-0,26.05263799,-0,62.81130514,-0,48,0,0,50.6,15,8,12,010
-0,26.16222466,-0,62.76573907,-0,48,0,0,50.7,15,8,12,010
-0,26.27173164,-0,62.7199818,-0,48,0,0,50.8,15,8,12,010
-0,26.38115859,-0,62.67403347,-0,48,0,0,50.9,15,8,12,010
-0,26.49050517,-0,62.62789423,-0,48,0,0,51,15,8,12,010
-0,26.59977107,-0,62.58156421,-0,48,0,0,51.1,15,8,12,010
-0,26.70895593,-0,62.53504356,-0,48,0,0,51.2,15,8,12,010
-0,26.81805944,-0,62.48833241,-0,48,0,0,51.3,15,8,12,010
-0,26.92708125,-0,62.44143092,-0,48,0,0,51.4,15,8,12,010
-0,27.03602104,-0,62.39433922,-0,48,0,0,51.5,15,8,12,010
-0,27.14487847,-0,62.34705745,-0,48,0,0,51.6,15,8,12,010
-0,27.25365321,-0,62.29958576,-0,48,0,0,51.7,15,8,12,010
-0,27.36234494,-0,62.2519243,-0,48,0,0,51.8,15,8,12,010
-0,27.47095331,-0,62.20407321,-0,48,0,0,51.9,15,8,12,010
-0,27.57947801,-0,62.15603263,-0,48,0,0,52,15,8,12,010
-0,27.68791869,-0,62.10780272,-0,48,0,0,52.1,15,8,12,010
-0,27.79627503,-0,62.05938362,-0,48,0,0,52.2,15,8,12,010
-0,27.90454669,-0,62.01077547,-0,48,0,0,52.3,15,8,12,010
-0,28.01273336,-0,61.96197842,-0,48,0,0,52.4,15,8,12,010
-0,28.12083469,-0,61.91299263,-0,48,0,0,52.5,15,8,12,010
-0,28.22885036,-0,61.86381824,-0,48,0,0,52.6,15,8,12,010
-0,28.33678004,-0,61.8144554,-0,48,0,0,52.7,15,8,12,010
-0,28.44462341,-0,61.76490427,-0,48,0,0,52.8,15,8,12,010
-0,28.55238012,-0,61.71516499,-0,48,0,0,52.9,15,8,12,010
-0,28.66004986,-0,61.66523771,-0,48,0,0,53,15,8,12,010
-0,28.7676323,-0,61.61512259,-0,48,0,0,53.1,15,8,12,010
-0,28.8751271,-0,61.56481978,-0,48,0,0,53.2,15,8,12,010
-0,28.98253395,-0,61.51432943,-0,48,0,0,53.3,15,8,12,010
-0,29.08985251,-0,61.4636517,-0,48,0,0,53.4,15,8,12,010
-0,29.19708246,-0,61.41278674,-0,48,0,0,53.5,15,8,12,010
-0,29.30422347,-0,61.36173471,-0,48,0,0,53.6,15,8,12,010
-0,29.41127521,-0,61.31049576,-0,48,0,0,53.7,15,8,12,010
-0,29.51823736,-0,61.25907005,-0,48,0,0,53.8,15,8,12,010
-0,29.6251096,-0,61.20745773,-0,48,0,0,53.9,15,8,12,010
-0,29.73189159,-0,61.15565896,-0,48,0,0,54,15,8,12,010
-0,29.83858301,-0,61.1036739,-0,48,0,0,54.1,15,8,12,010
-0,29.94518354,-0,61.05150271,-0,48,0,0,54.2,15,8,12,010
-0,30.05169285,-0,60.99914554,-0,48,0,0,54.3,15,8,12,010
-0,30.15811062,-0,60.94660256,-0,48,0,0,54.4,15,8,12,010
-0,30.26443652,-0,60.89387393,-0,48,0,0,54.5,15,8,12,010
-0,30.37067023,-0,60.8409598,-0,48,0,0,54.6,15,8,12,010
-0,30.47681142,-0,60.78786035,-0,48,0,0,54.7,15,8,12,010
-0,30.58285978,-0,60.73457572,-0,48,0,0,54.8,15,8,12,010
-0,30.68881498,-0,60.68110608,-0,48,0,0,54.9,15,8,12,010
-0,30.79467669,-0,60.6274516,-0,48,0,0,55,15,8,12,010
-0,30.9004446,-0,60.57361243,-0,48,0,0,55.1,15,8,12,010
-0,31.00611838,-0,60.51958875,-0,48,0,0,55.2,15,8,12,010
-0,31.11169771,-0,60.46538072,-0,48,0,0,55.3,15,8,12,010
-0,31.21718227,-0,60.4109885,-0,48,0,0,55.4,15,8,12,010
-0,31.32257174,-0,60.35641225,-0,48,0,0,55.5,15,8,12,010
-0,31.42786579,-0,60.30165215,-0,48,0,0,55.6,15,8,12,010
-0,31.5330641,-0,60.24670836,-0,48,0,0,55.7,15,8,12,010
-0,31.63816637,-0,60.19158105,-0,48,0,0,55.8,15,8,12,010
-0,31.74317225,-0,60.13627038,-0,48,0,0,55.9,15,8,12,010
-0,31.84808144,-0,60.08077653,-0,48,0,0,56,15,8,12,010
-0,31.95289362,-0,60.02509966,-0,48,0,0,56.1,15,8,12,010
-0,32.05760846,-0,59.96923995,-0,48,0,0,56.2,15,8,12,010
-0,32.16222565,-0,59.91319756,-0,48,0,0,56.3,15,8,12,010
-0,32.26674487,-0,59.85697266,-0,48,0,0,56.4,15,8,12,010
-0,32.37116579,-0,59.80056542,-0,48,0,0,56.5,15,8,12,010
-0,32.47548811,-0,59.74397603,-0,48,0,0,56.6,15,8,12,010
-0,32.57971151,-0,59.68720464,-0,48,0,0,56.7,15,8,12,010
-0,32.68383566,-0,59.63025144,-0,48,0,0,56.8,15,8,12,010
-0,32.78786024,-0,59.57311659,-0,48,0,0,56.9,15,8,12,010
-0,32.89178496,-0,59.51580028,-0,48,0,0,57,15,8,12,010
-0,32.99560947,-0,59.45830266,-0,48,0,0,57.1,15,8,12,010
-0,33.09933348,-0,59.40062393,-0,48,0,0,57.2,15,8,12,010
-0,33.20295666,-0,59.34276425,-0,48,0,0,57.3,15,8,12,010
-0,33.3064787,-0,59.2847238,-0,48,0,0,57.4,15,8,12,010
-0,33.40989928,-0,59.22650277,-0,48,0,0,57.5,15,8,12,010
-0,33.51321809,-0,59.16810131,-0,48,0,0,57.6,15,8,12,010
-0,33.61643481,-0,59.10951963,-0,48,0,0,57.7,15,8,12,010
-0,33.71954913,-0,59.05075788,-0,48,0,0,57.8,15,8,12,010
-0,33.82256074,-0,58.99181626,-0,48,0,0,57.9,15,8,12,010
-0,33.92546931,-0,58.93269493,-0,48,0,0,58,15,8,12,010
-0,34.02827455,-0,58.87339409,-0,48,0,0,58.1,15,8,12,010
-0,34.13097612,-0,58.81391391,-0,48,0,0,58.2,15,8,12,010
-0,34.23357373,-0,58.75425457,-0,48,0,0,58.3,15,8,12,010
-0,34.33606706,-0,58.69441625,-0,48,0,0,58.4,15,8,12,010
-0,34.43845579,-0,58.63439914,-0,48,0,0,58.5,15,8,12,010
-0,34.54073962,-0,58.57420342,-0,48,0,0,58.6,15,8,12,010
-0,34.64291823,-0,58.51382928,-0,48,0,0,58.7,15,8,12,010
-0,34.74499131,-0,58.45327689,-0,48,0,0,58.8,15,8,12,010
-0,34.84695855,-0,58.39254644,-0,48,0,0,58.9,15,8,12,010
-0,34.94881965,-0,58.33163812,-0,48,0,0,59,15,8,12,010
-0,35.05057428,-0,58.27055211,-0,48,0,0,59.1,15,8,12,010
-0,35.15222214,-0,58.20928859,-0,48,0,0,59.2,15,8,12,010
-0,35.25376292,-0,58.14784777,-0,48,0,0,59.3,15,8,12,010
-0,35.35519632,-0,58.08622981,-0,48,0,0,59.4,15,8,12,010
-0,35.45652201,-0,58.02443491,-0,48,0,0,59.5,15,8,12,010
-0,35.5577397,-0,57.96246326,-0,48,0,0,59.6,15,8,12,010
-0,35.65884907,-0,57.90031505,-0,48,0,0,59.7,15,8,12,010
-0,35.75984983,-0,57.83799046,-0,48,0,0,59.8,15,8,12,010
-0,35.86074165,-0,57.77548969,-0,48,0,0,59.9,15,8,12,010
-0,35.96152423,-0,57.71281292,-0,48,0,0,60,15,8,12,010
-0,36.06219726,-0,57.64996035,-0,48,0,0,60.1,15,8,12,010
-0,36.16276045,-0,57.58693217,-0,48,0,0,60.2,15,8,12,010
-0,36.26321348,-0,57.52372857,-0,48,0,0,60.3,15,8,12,010
-0,36.36355604,-0,57.46034974,-0,48,0,0,60.4,15,8,12,010
-0,36.46378783,-0,57.39679588,-0,48,0,0,60.5,15,8,12,010
-0,36.56390855,-0,57.33306717,-0,48,0,0,60.6,15,8,12,010
-0,36.66391789,-0,57.26916382,-0,48,0,0,60.7,15,8,12,010
-0,36.76381554,-0,57.20508602,-0,48,0,0,60.8,15,8,12,010
-0,36.86360121,-0,57.14083396,-0,48,0,0,60.9,15,8,12,010
-0,36.96327458,-0,57.07640784,-0,48,0,0,61,15,8,12,010
-0,37.06283536,-0,57.01180786,-0,48,0,0,61.1,15,8,12,010
-0,37.16228323,-0,56.94703421,-0,48,0,0,61.2,15,8,12,010
-0,37.2616179,-0,56.88208709,-0,48,0,0,61.3,15,8,12,010
-0,37.36083907,-0,56.81696669,-0,48,0,0,61.4,15,8,12,010
-0,37.45994643,-0,56.75167322,-0,48,0,0,61.5,15,8,12,010
-0,37.55893968,-0,56.68620688,-0,48,0,0,61.6,15,8,12,010
-0,37.65781852,-0,56.62056786,-0,48,0,0,61.7,15,8,12,010
-0,37.75658265,-0,56.55475636,-0,48,0,0,61.8,15,8,12,010
-0,37.85523176,-0,56.48877259,-0,48,0,0,61.9,15,8,12,010
-0,37.95376556,-0,56.42261674,-0,48,0,0,62,15,8,12,010
-0,38.05218375,-0,56.35628902,-0,48,0,0,62.1,15,8,12,010
-0,38.15048602,-0,56.28978963,-0,48,0,0,62.2,15,8,12,010
-0,38.24867208,-0,56.22311877,-0,48,0,0,62.3,15,8,12,010
-0,38.34674163,-0,56.15627664,-0,48,0,0,62.4,15,8,12,010
-0,38.44469437,-0,56.08926346,-0,48,0,0,62.5,15,8,12,010
-0,38.54253,-0,56.02207941,-0,48,0,0,62.6,15,8,12,010
-0,38.64024822,-0,55.95472471,-0,48,0,0,62.7,15,8,12,010
-0,38.73784873,-0,55.88719957,-0,48,0,0,62.8,15,8,12,010
-0,38.83533125,-0,55.81950418,-0,48,0,0,62.9,15,8,12,010
-0,38.93269546,-0,55.75163876,-0,48,0,0,63,15,8,12,010
-0,39.02994108,-0,55.68360351,-0,48,0,0,63.1,15,8,12,010
-0,39.12706781,-0,55.61539863,-0,48,0,0,63.2,15,8,12,010
-0,39.22407534,-0,55.54702434,-0,48,0,0,63.3,15,8,12,010
-0,39.3209634,-0,55.47848085,-0,48,0,0,63.4,15,8,12,010
-0,39.41773168,-0,55.40976836,-0,48,0,0,63.5,15,8,12,010
-0,39.51437988,-0,55.34088708,-0,48,0,0,63.6,15,8,12,010
-0,39.61090772,-0,55.27183722,-0,48,0,0,63.7,15,8,12,010
-0,39.70731489,-0,55.202619,-0,48,0,0,63.8,15,8,12,010
-0,39.80360111,-0,55.13323262,-0,48,0,0,63.9,15,8,12,010
-0,39.89976608,-0,55.06367829,-0,48,0,0,64,15,8,12,010
-0,39.99580951,-0,54.99395623,-0,48,0,0,64.1,15,8,12,010
-0,40.0917311,-0,54.92406665,-0,48,0,0,64.2,15,8,12,010
-0,40.18753057,-0,54.85400976,-0,48,0,0,64.3,15,8,12,010
-0,40.28320762,-0,54.78378577,-0,48,0,0,64.4,15,8,12,010
-0,40.37876196,-0,54.71339491,-0,48,0,0,64.5,15,8,12,010
-0,40.4741933,-0,54.64283738,-0,48,0,0,64.6,15,8,12,010
-0,40.56950135,-0,54.57211339,-0,48,0,0,64.7,15,8,12,010
-0,40.66468582,-0,54.50122317,-0,48,0,0,64.8,15,8,12,010
-0,40.75974641,-0,54.43016693,-0,48,0,0,64.9,15,8,12,010
-0,40.85468285,-0,54.35894489,-0,48,0,0,65,15,8,12,010
-0,40.94949483,-0,54.28755726,-0,48,0,0,65.1,15,8,12,010
-0,41.04418207,-0,54.21600426,-0,48,0,0,65.2,15,8,12,010
-0,41.13874429,-0,54.14428611,-0,48,0,0,65.3,15,8,12,010
-0,41.23318119,-0,54.07240303,-0,48,0,0,65.4,15,8,12,010
-0,41.32749249,-0,54.00035523,-0,48,0,0,65.5,15,8,12,010
-0,41.42167789,-0,53.92814294,-0,48,0,0,65.6,15,8,12,010
-0,41.51573712,-0,53.85576637,-0,48,0,0,65.7,15,8,12,010
-0,41.60966989,-0,53.78322575,-0,48,0,0,65.8,15,8,12,010
-0,41.7034759,-0,53.71052129,-0,48,0,0,65.9,15,8,12,010
-0,41.79715488,-0,53.63765323,-0,48,0,0,66,15,8,12,010
-0,41.89070654,-0,53.56462177,-0,48,0,0,66.1,15,8,12,010
-0,41.98413059,-0,53.49142715,-0,48,0,0,66.2,15,8,12,010
-0,42.07742675,-0,53.41806959,-0,48,0,0,66.3,15,8,12,010
-0,42.17059473,-0,53.3445493,-0,48,0,0,66.4,15,8,12,010
-0,42.26363426,-0,53.27086652,-0,48,0,0,66.5,15,8,12,010
-0,42.35654504,-0,53.19702146,-0,48,0,0,66.6,15,8,12,010
-0,42.4493268,-0,53.12301436,-0,48,0,0,66.7,15,8,12,010
-0,42.54197925,-0,53.04884543,-0,48,0,0,66.8,15,8,12,010
-0,42.63450211,-0,52.97451491,-0,48,0,0,66.9,15,8,12,010
-0,42.7268951,-0,52.90002302,-0,48,0,0,67,15,8,12,010
-0,42.81915793,-0,52.82536999,-0,48,0,0,67.1,15,8,12,010
-0,42.91129033,-0,52.75055604,-0,48,0,0,67.2,15,8,12,010
-0,43.00329201,-0,52.6755814,-0,48,0,0,67.3,15,8,12,010
-0,43.0951627,-0,52.60044631,-0,48,0,0,67.4,15,8,12,010
-0,43.18690211,-0,52.52515098,-0,48,0,0,67.5,15,8,12,010
-0,43.27850997,-0,52.44969566,-0,48,0,0,67.6,15,8,12,010
-0,43.369986,-0,52.37408056,-0,48,0,0,67.7,15,8,12,010
-0,43.46132991,-0,52.29830592,-0,48,0,0,67.8,15,8,12,010
-0,43.55254143,-0,52.22237198,-0,48,0,0,67.9,15,8,12,010
-0,43.64362028,-0,52.14627895,-0,48,0,0,68,15,8,12,010
-0,43.73456619,-0,52.07002708,-0,48,0,0,68.1,15,8,12,010
-0,43.82537888,-0,51.99361659,-0,48,0,0,68.2,15,8,12,010
-0,43.91605806,-0,51.91704773,-0,48,0,0,68.3,15,8,12,010
-0,44.00660347,-0,51.84032071,-0,48,0,0,68.4,15,8,12,010
-0,44.09701482,-0,51.76343578,-0,48,0,0,68.5,15,8,12,010
-0,44.18729185,-0,51.68639317,-0,48,0,0,68.6,15,8,12,010
-0,44.27743428,-0,51.60919311,-0,48,0,0,68.7,15,8,12,010
-0,44.36744183,-0,51.53183584,-0,48,0,0,68.8,15,8,12,010
-0,44.45731423,-0,51.4543216,-0,48,0,0,68.9,15,8,12,010
-0,44.5470512,-0,51.37665062,-0,48,0,0,69,15,8,12,010
-0,44.63665248,-0,51.29882314,-0,48,0,0,69.1,15,8,12,010
-0,44.72611779,-0,51.22083939,-0,48,0,0,69.2,15,8,12,010
-0,44.81544685,-0,51.14269961,-0,48,0,0,69.3,15,8,12,010
-0,44.9046394,-0,51.06440405,-0,48,0,0,69.4,15,8,12,010
-0,44.99369515,-0,50.98595293,-0,48,0,0,69.5,15,8,12,010
-0,45.08261386,-0,50.9073465,-0,48,0,0,69.6,15,8,12,010
-0,45.17139523,-0,50.828585,-0,48,0,0,69.7,15,8,12,010
-0,45.260039,-0,50.74966867,-0,48,0,0,69.8,15,8,12,010
-0,45.3485449,-0,50.67059774,-0,48,0,0,69.9,15,8,12,010
-0,45.43691266,-0,50.59137246,-0,48,0,0,70,15,8,12,010
-0,45.52514201,-0,50.51199308,-0,48,0,0,70.1,15,8,12,010
-0,45.61323269,-0,50.43245982,-0,48,0,0,70.2,15,8,12,010
-0,45.70118442,-0,50.35277294,-0,48,0,0,70.3,15,8,12,010
-0,45.78899694,-0,50.27293267,-0,48,0,0,70.4,15,8,12,010
-0,45.87666997,-0,50.19293927,-0,48,0,0,70.5,15,8,12,010
-0,45.96420326,-0,50.11279297,-0,48,0,0,70.6,15,8,12,010
-0,46.05159653,-0,50.03249401,-0,48,0,0,70.7,15,8,12,010
-0,46.13884952,-0,49.95204265,-0,48,0,0,70.8,15,8,12,010
-0,46.22596196,-0,49.87143913,-0,48,0,0,70.9,15,8,12,010
-0,46.31293359,-0,49.79068369,-0,48,0,0,71,15,8,12,010
-0,46.39976415,-0,49.70977657,-0,48,0,0,71.1,15,8,12,010
-0,46.48645336,-0,49.62871804,-0,48,0,0,71.2,15,8,12,010
-0,46.57300097,-0,49.54750832,-0,48,0,0,71.3,15,8,12,010
-0,46.6594067,-0,49.46614768,-0,48,0,0,71.4,15,8,12,010
-0,46.74567031,-0,49.38463635,-0,48,0,0,71.5,15,8,12,010
-0,46.83179152,-0,49.30297459,-0,48,0,0,71.6,15,8,12,010
-0,46.91777007,-0,49.22116264,-0,48,0,0,71.7,15,8,12,010
-0,47.0036057,-0,49.13920076,-0,48,0,0,71.8,15,8,12,010
-0,47.08929815,-0,49.05708919,-0,48,0,0,71.9,15,8,12,010
-0,47.17484716,-0,48.97482818,-0,48,0,0,72,15,8,12,010
-0,47.26025246,-0,48.89241799,-0,48,0,0,72.1,15,8,12,010
-0,47.34551381,-0,48.80985887,-0,48,0,0,72.2,15,8,12,010
-0,47.43063093,-0,48.72715106,-0,48,0,0,72.3,15,8,12,010
-0,47.51560356,-0,48.64429481,-0,48,0,0,72.4,15,8,12,010
-0,47.60043146,-0,48.56129039,-0,48,0,0,72.5,15,8,12,010
-0,47.68511436,-0,48.47813805,-0,48,0,0,72.6,15,8,12,010
-0,47.769652,-0,48.39483803,-0,48,0,0,72.7,15,8,12,010
-0,47.85404413,-0,48.31139059,-0,48,0,0,72.8,15,8,12,010
-0,47.93829048,-0,48.22779599,-0,48,0,0,72.9,15,8,12,010
-0,48.02239081,-0,48.14405447,-0,48,0,0,73,15,8,12,010
-0,48.10634485,-0,48.06016631,-0,48,0,0,73.1,15,8,12,010
-0,48.19015235,-0,47.97613174,-0,48,0,0,73.2,15,8,12,010
-0,48.27381306,-0,47.89195103,-0,48,0,0,73.3,15,8,12,010
-0,48.35732671,-0,47.80762443,-0,48,0,0,73.4,15,8,12,010
-0,48.44069306,-0,47.7231522,-0,48,0,0,73.5,15,8,12,010
-0,48.52391185,-0,47.6385346,-0,48,0,0,73.6,15,8,12,010
-0,48.60698283,-0,47.55377188,-0,48,0,0,73.7,15,8,12,010
-0,48.68990575,-0,47.4688643,-0,48,0,0,73.8,15,8,12,010
-0,48.77268034,-0,47.38381213,-0,48,0,0,73.9,15,8,12,010
-0,48.85530637,-0,47.29861562,-0,48,0,0,74,15,8,12,010
-0,48.93778357,-0,47.21327503,-0,48,0,0,74.1,15,8,12,010
-0,49.02011171,-0,47.12779062,-0,48,0,0,74.2,15,8,12,010
-0,49.10229051,-0,47.04216264,-0,48,0,0,74.3,15,8,12,010
-0,49.18431975,-0,46.95639137,-0,48,0,0,74.4,15,8,12,010
-0,49.26619916,-0,46.87047707,-0,48,0,0,74.5,15,8,12,010
-0,49.34792849,-0,46.78441998,-0,48,0,0,74.6,15,8,12,010
-0,49.42950751,-0,46.69822039,-0,48,0,0,74.7,15,8,12,010
-0,49.51093595,-0,46.61187854,-0,48,0,0,74.8,15,8,12,010
-0,49.59221358,-0,46.52539471,-0,48,0,0,74.9,15,8,12,010
-0,49.67334013,-0,46.43876915,-0,48,0,0,75,15,8,12,010
-0,49.75431538,-0,46.35200213,-0,48,0,0,75.1,15,8,12,010
-0,49.83513906,-0,46.26509391,-0,48,0,0,75.2,15,8,12,010
-0,49.91581094,-0,46.17804476,-0,48,0,0,75.3,15,8,12,010
-0,49.99633077,-0,46.09085495,-0,48,0,0,75.4,15,8,12,010
-0,50.07669829,-0,46.00352474,-0,48,0,0,75.5,15,8,12,010
-0,50.15691328,-0,45.91605439,-0,48,0,0,75.6,15,8,12,010
-0,50.23697548,-0,45.82844417,-0,48,0,0,75.7,15,8,12,010
-0,50.31688465,-0,45.74069435,-0,48,0,0,75.8,15,8,12,010
-0,50.39664054,-0,45.6528052,-0,48,0,0,75.9,15,8,12,010
-0,50.47624292,-0,45.56477698,-0,48,0,0,76,15,8,12,010
-0,50.55569154,-0,45.47660996,-0,48,0,0,76.1,15,8,12,010
-0,50.63498615,-0,45.38830441,-0,48,0,0,76.2,15,8,12,010
-0,50.71412653,-0,45.2998606,-0,48,0,0,76.3,15,8,12,010
-0,50.79311242,-0,45.2112788,-0,48,0,0,76.4,15,8,12,010
-0,50.87194358,-0,45.12255928,-0,48,0,0,76.5,15,8,12,010
-0,50.95061978,-0,45.03370231,-0,48,0,0,76.6,15,8,12,010
-0,51.02914078,-0,44.94470816,-0,48,0,0,76.7,15,8,12,010
-0,51.10750633,-0,44.8555771,-0,48,0,0,76.8,15,8,12,010
-0,51.1857162,-0,44.7663094,-0,48,0,0,76.9,15,8,12,010
-0,51.26377015,-0,44.67690533,-0,48,0,0,77,15,8,12,010
-0,51.34166794,-0,44.58736517,-0,48,0,0,77.1,15,8,12,010
-0,51.41940933,-0,44.49768919,-0,48,0,0,77.2,15,8,12,010
-0,51.4969941,-0,44.40787767,-0,48,0,0,77.3,15,8,12,010
-0,51.57442199,-0,44.31793087,-0,48,0,0,77.4,15,8,12,010
-0,51.65169278,-0,44.22784906,-0,48,0,0,77.5,15,8,12,010
-0,51.72880623,-0,44.13763254,-0,48,0,0,77.6,15,8,12,010
-0,51.80576211,-0,44.04728156,-0,48,0,0,77.7,15,8,12,010
-0,51.88256017,-0,43.9567964,-0,48,0,0,77.8,15,8,12,010
-0,51.95920019,-0,43.86617735,-0,48,0,0,77.9,15,8,12,010
-0,52.03568194,-0,43.77542467,-0,48,0,0,78,15,8,12,010
-0,52.11200517,-0,43.68453865,-0,48,0,0,78.1,15,8,12,010
-0,52.18816967,-0,43.59351955,-0,48,0,0,78.2,15,8,12,010
-0,52.26417519,-0,43.50236766,-0,48,0,0,78.3,15,8,12,010
-0,52.3400215,-0,43.41108326,-0,48,0,0,78.4,15,8,12,010
-0,52.41570838,-0,43.31966661,-0,48,0,0,78.5,15,8,12,010
-0,52.49123559,-0,43.22811801,-0,48,0,0,78.6,15,8,12,010
-0,52.5666029,-0,43.13643773,-0,48,0,0,78.7,15,8,12,010
-0,52.64181008,-0,43.04462604,-0,48,0,0,78.8,15,8,12,010
-0,52.71685691,-0,42.95268324,-0,48,0,0,78.9,15,8,12,010
-0,52.79174315,-0,42.86060959,-0,48,0,0,79,15,8,12,010
-0,52.86646859,-0,42.76840539,-0,48,0,0,79.1,15,8,12,010
-0,52.94103298,-0,42.6760709,-0,48,0,0,79.2,15,8,12,010
-0,53.0154361,-0,42.58360641,-0,48,0,0,79.3,15,8,12,010
-0,53.08967773,-0,42.49101221,-0,48,0,0,79.4,15,8,12,010
-0,53.16375764,-0,42.39828857,-0,48,0,0,79.5,15,8,12,010
-0,53.2376756,-0,42.30543578,-0,48,0,0,79.6,15,8,12,010
-0,53.31143139,-0,42.21245412,-0,48,0,0,79.7,15,8,12,010
-0,53.38502479,-0,42.11934387,-0,48,0,0,79.8,15,8,12,010
-0,53.45845556,-0,42.02610532,-0,48,0,0,79.9,15,8,12,010
-0,53.5317235,-0,41.93273876,-0,48,0,0,80,15,8,12,010
-0,53.60482836,-0,41.83924445,-0,48,0,0,80.1,15,8,12,010
-0,53.67776994,-0,41.7456227,-0,48,0,0,80.2,15,8,12,010
-0,53.750548,-0,41.65187378,-0,48,0,0,80.3,15,8,12,010
-0,53.82316233,-0,41.55799799,-0,48,0,0,80.4,15,8,12,010
-0,53.8956127,-0,41.4639956,-0,48,0,0,80.5,15,8,12,010
-0,53.9678989,-0,41.36986691,-0,48,0,0,80.6,15,8,12,010
-0,54.04002071,-0,41.27561219,-0,48,0,0,80.7,15,8,12,010
-0,54.1119779,-0,41.18123174,-0,48,0,0,80.8,15,8,12,010
-0,54.18377025,-0,41.08672585,-0,48,0,0,80.9,15,8,12,010
-0,54.25539755,-0,40.9920948,-0,48,0,0,81,15,8,12,010
-0,54.32685958,-0,40.89733888,-0,48,0,0,81.1,15,8,12,010
-0,54.39815613,-0,40.80245838,-0,48,0,0,81.2,15,8,12,010
-0,54.46928696,-0,40.70745359,-0,48,0,0,81.3,15,8,12,010
-0,54.54025187,-0,40.6123248,-0,48,0,0,81.4,15,8,12,010
-0,54.61105065,-0,40.5170723,-0,48,0,0,81.5,15,8,12,010
-0,54.68168306,-0,40.42169637,-0,48,0,0,81.6,15,8,12,010
-0,54.75214891,-0,40.32619731,-0,48,0,0,81.7,15,8,12,010
-0,54.82244798,-0,40.23057541,-0,48,0,0,81.8,15,8,12,010
-0,54.89258004,-0,40.13483096,-0,48,0,0,81.9,15,8,12,010
-0,54.96254489,-0,40.03896426,-0,48,0,0,82,15,8,12,010
-0,55.03234232,-0,39.94297559,-0,48,0,0,82.1,15,8,12,010
-0,55.10197211,-0,39.84686524,-0,48,0,0,82.2,15,8,12,010
-0,55.17143405,-0,39.75063352,-0,48,0,0,82.3,15,8,12,010
-0,55.24072793,-0,39.6542807,-0,48,0,0,82.4,15,8,12,010
-0,55.30985353,-0,39.5578071,-0,48,0,0,82.5,15,8,12,010
-0,55.37881065,-0,39.46121299,-0,48,0,0,82.6,15,8,12,010
-0,55.44759908,-0,39.36449868,-0,48,0,0,82.7,15,8,12,010
-0,55.5162186,-0,39.26766446,-0,48,0,0,82.8,15,8,12,010
-0,55.58466902,-0,39.17071062,-0,48,0,0,82.9,15,8,12,010
-0,55.65295011,-0,39.07363746,-0,48,0,0,83,15,8,12,010
-0,55.72106167,-0,38.97644527,-0,48,0,0,83.1,15,8,12,010
-0,55.7890035,-0,38.87913436,-0,48,0,0,83.2,15,8,12,010
-0,55.85677539,-0,38.78170501,-0,48,0,0,83.3,15,8,12,010
-0,55.92437712,-0,38.68415753,-0,48,0,0,83.4,15,8,12,010
-0,55.9918085,-0,38.58649221,-0,48,0,0,83.5,15,8,12,010
-0,56.05906932,-0,38.48870935,-0,48,0,0,83.6,15,8,12,010
-0,56.12615937,-0,38.39080924,-0,48,0,0,83.7,15,8,12,010
-0,56.19307846,-0,38.29279219,-0,48,0,0,83.8,15,8,12,010
-0,56.25982637,-0,38.19465849,-0,48,0,0,83.9,15,8,12,010
-0,56.3264029,-0,38.09640845,-0,48,0,0,84,15,8,12,010
-0,56.39280785,-0,37.99804235,-0,48,0,0,84.1,15,8,12,010
-0,56.45904102,-0,37.89956051,-0,48,0,0,84.2,15,8,12,010
-0,56.52510221,-0,37.80096322,-0,48,0,0,84.3,15,8,12,010
-0,56.59099121,-0,37.70225078,-0,48,0,0,84.4,15,8,12,010
-0,56.65670782,-0,37.6034235,-0,48,0,0,84.5,15,8,12,010
-0,56.72225185,-0,37.50448167,-0,48,0,0,84.6,15,8,12,010
-0,56.78762309,-0,37.40542559,-0,48,0,0,84.7,15,8,12,010
-0,56.85282135,-0,37.30625557,-0,48,0,0,84.8,15,8,12,010
-0,56.91784642,-0,37.20697191,-0,48,0,0,84.9,15,8,12,010
-0,56.98269812,-0,37.1075749,-0,48,0,0,85,15,8,12,010
-0,57.04737623,-0,37.00806487,-0,48,0,0,85.1,15,8,12,010
-0,57.11188057,-0,36.9084421,-0,48,0,0,85.2,15,8,12,010
-0,57.17621093,-0,36.8087069,-0,48,0,0,85.3,15,8,12,010
-0,57.24036713,-0,36.70885957,-0,48,0,0,85.4,15,8,12,010
-0,57.30434896,-0,36.60890042,-0,48,0,0,85.5,15,8,12,010
-0,57.36815623,-0,36.50882976,-0,48,0,0,85.6,15,8,12,010
-0,57.43178875,-0,36.40864788,-0,48,0,0,85.7,15,8,12,010
-0,57.49524633,-0,36.3083551,-0,48,0,0,85.8,15,8,12,010
-0,57.55852876,-0,36.20795171,-0,48,0,0,85.9,15,8,12,010
-0,57.62163586,-0,36.10743803,-0,48,0,0,86,15,8,12,010
-0,57.68456743,-0,36.00681436,-0,48,0,0,86.1,15,8,12,010
-0,57.74732328,-0,35.90608101,-0,48,0,0,86.2,15,8,12,010
-0,57.80990323,-0,35.80523828,-0,48,0,0,86.3,15,8,12,010
-0,57.87230708,-0,35.70428648,-0,48,0,0,86.4,15,8,12,010
-0,57.93453464,-0,35.60322592,-0,48,0,0,86.5,15,8,12,010
-0,57.99658572,-0,35.50205691,-0,48,0,0,86.6,15,8,12,010
-0,58.05846013,-0,35.40077975,-0,48,0,0,86.7,15,8,12,010
-0,58.12015769,-0,35.29939475,-0,48,0,0,86.8,15,8,12,010
-0,58.1816782,-0,35.19790223,-0,48,0,0,86.9,15,8,12,010
-0,58.24302149,-0,35.09630249,-0,48,0,0,87,15,8,12,010
-0,58.30418735,-0,34.99459583,-0,48,0,0,87.1,15,8,12,010
-0,58.36517561,-0,34.89278258,-0,48,0,0,87.2,15,8,12,010
-0,58.42598608,-0,34.79086304,-0,48,0,0,87.3,15,8,12,010
-0,58.48661857,-0,34.68883752,-0,48,0,0,87.4,15,8,12,010
-0,58.5470729,-0,34.58670633,-0,48,0,0,87.5,15,8,12,010
-0,58.60734889,-0,34.48446979,-0,48,0,0,87.6,15,8,12,010
-0,58.66744635,-0,34.3821282,-0,48,0,0,87.7,15,8,12,010
-0,58.72736509,-0,34.27968187,-0,48,0,0,87.8,15,8,12,010
-0,58.78710495,-0,34.17713112,-0,48,0,0,87.9,15,8,12,010
-0,58.84666573,-0,34.07447627,-0,48,0,0,88,15,8,12,010
-0,58.90604725,-0,33.97171761,-0,48,0,0,88.1,15,8,12,010
-0,58.96524933,-0,33.86885548,-0,48,0,0,88.2,15,8,12,010
-0,59.0242718,-0,33.76589017,-0,48,0,0,88.3,15,8,12,010
-0,59.08311446,-0,33.662822,-0,48,0,0,88.4,15,8,12,010
-0,59.14177715,-0,33.5596513,-0,48,0,0,88.5,15,8,12,010
-0,59.20025969,-0,33.45637836,-0,48,0,0,88.6,15,8,12,010
-0,59.25856189,-0,33.35300351,-0,48,0,0,88.7,15,8,12,010
-0,59.31668357,-0,33.24952706,-0,48,0,0,88.8,15,8,12,010
-0,59.37462457,-0,33.14594933,-0,48,0,0,88.9,15,8,12,010
-0,59.4323847,-0,33.04227063,-0,48,0,0,89,15,8,12,010
-0,59.48996379,-0,32.93849128,-0,48,0,0,89.1,15,8,12,010
-0,59.54736167,-0,32.83461159,-0,48,0,0,89.2,15,8,12,010
-0,59.60457815,-0,32.73063188,-0,48,0,0,89.3,15,8,12,010
-0,59.66161307,-0,32.62655247,-0,48,0,0,89.4,15,8,12,010
-0,59.71846625,-0,32.52237367,-0,48,0,0,89.5,15,8,12,010
-0,59.77513751,-0,32.4180958,-0,48,0,0,89.6,15,8,12,010
-0,59.83162669,-0,32.31371918,-0,48,0,0,89.7,15,8,12,010
-0,59.88793361,-0,32.20924413,-0,48,0,0,89.8,15,8,12,010
-0,59.94405811,-0,32.10467096,-0,48,0,0,89.9,15,8,12,010
-0,60,-0,32,-0,48,0,0,90,15,8,12,010
